trd_prd,AAPL,MSFT,JPM,XOM,JNJ,PG,NVDA,CAT,HD,AMZN
2024.11,0.10671936758893281,0.12450592885375496,-0.08893280632411069,0.11857707509881424,0.09881422924901187,0.1383399209486166,0.09881422924901187,0.15612648221343875,0.1442687747035573,0.10276679841897234
2024.12,-0.1862464183381089,-0.14040114613180515,-0.19197707736389685,0.14326647564469913,-0.10601719197707736,-0.2005730659025788,0.1833810888252149,-0.18624641833810887,-0.18624641833810887,-0.12893982808022922
2025.01,-0.1269487750556793,0.1447661469933185,0.1135857461024499,0.1247216035634744,0.0913140311804009,0.1135857461024499,0.1425389755011136,0.1447661469933185,0.1314031180400891,0.1202672605790646
2025.02,0.23958333333333331,0.3541666666666667,-0.34895833333333337,-0.21354166666666666,-0.3125,-0.23958333333333331,0.38541666666666663,-0.24479166666666663,-0.2864583333333333,-0.3333333333333333
2025.03,-0.5229357798165138,0.5321100917431194,0.4770642201834863,-0.4220183486238533,-0.5596330275229359,-0.63302752293578,0.5504587155963303,0.49541284403669733,0.5412844036697249,0.5412844036697249
2025.04,0.8474576271186441,0.7966101694915255,-0.5084745762711865,-1.033898305084746,-0.6949152542372883,0.7796610169491527,1.1186440677966103,-0.8474576271186443,-0.6779661016949154,1.2203389830508475
